{
  "LCunknown_S3_CS1": {
    "mean_speed": 5.475682938083063,
    "std_speed": 1.1160847327463181,
    "min_speed": 3.297794126021888,
    "max_speed": 7.060590294919069,
    "sample_count": 7,
    "slope_stats": {
      "mean": 2.2670368196323656,
      "std": 0.29940211416723256,
      "min": 1.7683772165400042,
      "max": 2.5349660634095432
    },
    "cross_slope_stats": {
      "mean": 2.2586075185265986,
      "std": 0.5593013721723552,
      "min": 1.5798600582824394,
      "max": 3.113378729647562
    },
    "speed_slope_correlation": -0.46416709592795075
  },
  "LCunknown_S4_CS1": {
    "mean_speed": 4.444178817358348,
    "std_speed": 0.5043851676221277,
    "min_speed": 3.6793268894415037,
    "max_speed": 5.071419805222637,
    "sample_count": 6,
    "slope_stats": {
      "mean": 3.1708937087747593,
      "std": 0.2887942062352212,
      "min": 2.8682690109728526,
      "max": 3.5327641507229925
    },
    "cross_slope_stats": {
      "mean": 2.505061062531926,
      "std": 0.32834726145974047,
      "min": 2.1974585980086343,
      "max": 2.949987754752446
    },
    "speed_slope_correlation": 0.5132445299014653
  },
  "LCunknown_S0_CS0": {
    "mean_speed": 5.32333868559451,
    "std_speed": 0.4669790057624974,
    "min_speed": 4.71116541838632,
    "max_speed": 6.12542791029252,
    "sample_count": 7,
    "slope_stats": {
      "mean": 0.47622237301678366,
      "std": 0.3416571669056192,
      "min": 0.0,
      "max": 0.8333352025133682
    },
    "cross_slope_stats": {
      "mean": 0.16837528180023975,
      "std": 0.1799379897676691,
      "min": 0.0,
      "max": 0.4486475636722283
    },
    "speed_slope_correlation": -0.13556472016630497
  },
  "LCunknown_S4_CS0": {
    "mean_speed": 5.90460740686266,
    "std_speed": 0.4588644228016703,
    "min_speed": 5.3995764875349,
    "max_speed": 6.700808808079751,
    "sample_count": 6,
    "slope_stats": {
      "mean": 3.188539797400289,
      "std": 0.4380631874980916,
      "min": 2.6221692731456634,
      "max": 3.6827313110058606
    },
    "cross_slope_stats": {
      "mean": 0.6584437211202815,
      "std": 0.19813744181610407,
      "min": 0.48801948773617243,
      "max": 1.0383766914085142
    },
    "speed_slope_correlation": -0.5655896065229593
  },
  "LCunknown_S1_CS1": {
    "mean_speed": 5.4398695364804155,
    "std_speed": 0.9019465310267627,
    "min_speed": 4.097506286706342,
    "max_speed": 7.332377418713269,
    "sample_count": 8,
    "slope_stats": {
      "mean": 1.0854865317877527,
      "std": 0.180922411187541,
      "min": 0.8567736136555376,
      "max": 1.3340077562269035
    },
    "cross_slope_stats": {
      "mean": 1.738221279374045,
      "std": 0.3544911314274998,
      "min": 1.2244897347227874,
      "max": 2.383164171722233
    },
    "speed_slope_correlation": 0.40501327938817383
  },
  "LCunknown_S2_CS0": {
    "mean_speed": 6.14447324814944,
    "std_speed": 0.7997293110482353,
    "min_speed": 4.988574418328997,
    "max_speed": 7.242580496269215,
    "sample_count": 7,
    "slope_stats": {
      "mean": 1.6227881893308236,
      "std": 0.07179159707249104,
      "min": 1.5254981802339838,
      "max": 1.7407838104224205
    },
    "cross_slope_stats": {
      "mean": 0.8494330971022025,
      "std": 0.3540658861482695,
      "min": 0.2632778577167093,
      "max": 1.176291748865369
    },
    "speed_slope_correlation": 0.5324864452186803
  },
  "LCunknown_S2_CS2": {
    "mean_speed": 4.666237964875024,
    "std_speed": 1.1330279504950918,
    "min_speed": 2.1407020224161983,
    "max_speed": 5.400855504966738,
    "sample_count": 7,
    "slope_stats": {
      "mean": 1.5231862662675792,
      "std": 0.05737282655724264,
      "min": 1.4360885009237014,
      "max": 1.6054984651067554
    },
    "cross_slope_stats": {
      "mean": 3.994165807231243,
      "std": 0.4729334080862864,
      "min": 3.543724800486034,
      "max": 4.655808963877119
    },
    "speed_slope_correlation": -0.032964400696845524
  },
  "LCunknown_S3_CS2": {
    "mean_speed": 4.420299587437331,
    "std_speed": 2.153944786831267,
    "min_speed": 0.6480876059948809,
    "max_speed": 6.071891698439035,
    "sample_count": 5,
    "slope_stats": {
      "mean": 1.9196131281629891,
      "std": 0.1715652661759575,
      "min": 1.7480353634982728,
      "max": 2.118599119970573
    },
    "cross_slope_stats": {
      "mean": 3.9187013976597314,
      "std": 0.7760172283753363,
      "min": 3.317743920658405,
      "max": 4.858617298973584
    },
    "speed_slope_correlation": 0.3022479215474432
  },
  "LCunknown_S0_CS2": {
    "mean_speed": 5.300528335149244,
    "std_speed": 0.606113699361593,
    "min_speed": 4.255238067372299,
    "max_speed": 5.736117059668752,
    "sample_count": 5,
    "slope_stats": {
      "mean": 0.4178464685991523,
      "std": 0.0869298441308195,
      "min": 0.3220272254220092,
      "max": 0.5042581420861953
    },
    "cross_slope_stats": {
      "mean": 4.9664095459847335,
      "std": 0.8176928157287107,
      "min": 4.080451436068477,
      "max": 6.140876393739116
    },
    "speed_slope_correlation": -0.5017932470086608
  }
}