{
  "LCunknown_S2_CS1": {
    "mean_speed": 4.786647048931341,
    "std_speed": 1.6738566680871323,
    "min_speed": 0.9356917029482044,
    "max_speed": 6.782544955546528,
    "sample_count": 9,
    "slope_stats": {
      "mean": 1.22281430493097,
      "std": 0.0700924919967899,
      "min": 1.128766019519957,
      "max": 1.3137658278927926
    },
    "cross_slope_stats": {
      "mean": 2.9797356955369008,
      "std": 0.6645340608601689,
      "min": 2.2304217132690254,
      "max": 4.040247272411422
    },
    "speed_slope_correlation": -0.6200441413576075
  },
  "LCunknown_S4_CS2": {
    "mean_speed": 6.4364339358275755,
    "std_speed": 0.9326250860781641,
    "min_speed": 4.594805125237467,
    "max_speed": 7.760358222948867,
    "sample_count": 12,
    "slope_stats": {
      "mean": 3.3910776006682446,
      "std": 0.8100313333062863,
      "min": 2.3561241422176002,
      "max": 4.649385690878489
    },
    "cross_slope_stats": {
      "mean": 6.917472758683101,
      "std": 1.800316017217848,
      "min": 4.727553311122011,
      "max": 10.026812681677878
    },
    "speed_slope_correlation": 0.5242072026524158
  },
  "LCunknown_S3_CS2": {
    "mean_speed": 6.1032543546091595,
    "std_speed": 0.9727222167544934,
    "min_speed": 4.646978727027615,
    "max_speed": 7.751401783903015,
    "sample_count": 11,
    "slope_stats": {
      "mean": 1.8138136319825973,
      "std": 0.2073534494126207,
      "min": 1.5819018299353285,
      "max": 2.337604186829485
    },
    "cross_slope_stats": {
      "mean": 6.0216194587672,
      "std": 1.9459284078515977,
      "min": 4.2327454766507895,
      "max": 10.764781647355239
    },
    "speed_slope_correlation": 0.04107553176065253
  },
  "LCunknown_S1_CS1": {
    "mean_speed": 5.543409830628955,
    "std_speed": 1.015491858093616,
    "min_speed": 3.5170916007752564,
    "max_speed": 7.000699233549536,
    "sample_count": 8,
    "slope_stats": {
      "mean": 0.8374312169252475,
      "std": 0.140774306811896,
      "min": 0.6255931974148079,
      "max": 1.0798682614434265
    },
    "cross_slope_stats": {
      "mean": 2.9856637049057024,
      "std": 0.49665381000650594,
      "min": 2.2782525374087004,
      "max": 3.634591366904762
    },
    "speed_slope_correlation": -0.12176582904550949
  },
  "LCunknown_S4_CS1": {
    "mean_speed": 5.577360816482797,
    "std_speed": 1.3376622213736542,
    "min_speed": 3.3150065591391122,
    "max_speed": 7.377823679362279,
    "sample_count": 10,
    "slope_stats": {
      "mean": 3.0229835454304825,
      "std": 0.7455119792490684,
      "min": 2.3437372926865097,
      "max": 4.110066978461704
    },
    "cross_slope_stats": {
      "mean": 3.2855294171190543,
      "std": 0.45212166591471653,
      "min": 2.5984439882698704,
      "max": 3.868358455362842
    },
    "speed_slope_correlation": 0.05420174189805121
  },
  "LCunknown_S1_CS2": {
    "mean_speed": 6.2619287095055896,
    "std_speed": 0.6777326512172528,
    "min_speed": 5.112779182017027,
    "max_speed": 7.088750424705285,
    "sample_count": 6,
    "slope_stats": {
      "mean": 0.8668608312302114,
      "std": 0.07468981788320843,
      "min": 0.7879420423756831,
      "max": 0.9691465447284907
    },
    "cross_slope_stats": {
      "mean": 5.184475399648703,
      "std": 0.852401011066429,
      "min": 4.340730330220353,
      "max": 6.773474159271562
    },
    "speed_slope_correlation": 0.6422446155866004
  },
  "LCunknown_S1_CS0": {
    "mean_speed": 5.4860088283168364,
    "std_speed": 1.082737240212507,
    "min_speed": 3.1664789096816137,
    "max_speed": 6.5609104631538155,
    "sample_count": 11,
    "slope_stats": {
      "mean": 0.8975164999902223,
      "std": 0.15079328521250382,
      "min": 0.6669203208678894,
      "max": 1.08354917119668
    },
    "cross_slope_stats": {
      "mean": 1.5605558290367427,
      "std": 0.5941969370508238,
      "min": 0.6075227756206263,
      "max": 2.225474398158977
    },
    "speed_slope_correlation": -0.30880825281158725
  },
  "LCunknown_S3_CS1": {
    "mean_speed": 5.673203913101838,
    "std_speed": 0.8609007148123236,
    "min_speed": 3.482539090791841,
    "max_speed": 6.739008004514215,
    "sample_count": 11,
    "slope_stats": {
      "mean": 1.9864888032124755,
      "std": 0.2650950262570204,
      "min": 1.4753188247928948,
      "max": 2.2833252242099396
    },
    "cross_slope_stats": {
      "mean": 3.2390345140494685,
      "std": 0.5224244714510059,
      "min": 2.474769541732033,
      "max": 4.11410928471438
    },
    "speed_slope_correlation": 0.2919660550728168
  },
  "LCunknown_S2_CS2": {
    "mean_speed": 6.287118583746125,
    "std_speed": 0.6865664763409735,
    "min_speed": 5.316840796835299,
    "max_speed": 7.353591274014034,
    "sample_count": 9,
    "slope_stats": {
      "mean": 1.221587792189778,
      "std": 0.0750624211742431,
      "min": 1.1362597618875543,
      "max": 1.3366680303329805
    },
    "cross_slope_stats": {
      "mean": 4.875505974345811,
      "std": 0.6507295414553017,
      "min": 4.171733182870049,
      "max": 6.066822820706534
    },
    "speed_slope_correlation": 0.22390682792396724
  },
  "LCunknown_S0_CS0": {
    "mean_speed": 4.4704570382179885,
    "std_speed": 2.219887565573679,
    "min_speed": 0.10816826077999121,
    "max_speed": 6.451168629139349,
    "sample_count": 20,
    "slope_stats": {
      "mean": 0.3015622766165038,
      "std": 0.20213762991075404,
      "min": 0.0,
      "max": 0.5995222062437549
    },
    "cross_slope_stats": {
      "mean": 1.1330328647239285,
      "std": 0.6287007371819241,
      "min": 0.0,
      "max": 2.0280581324337055
    },
    "speed_slope_correlation": 0.7170780331886305
  },
  "LCunknown_S2_CS0": {
    "mean_speed": 5.17473921819728,
    "std_speed": 0.6314906931929357,
    "min_speed": 4.380981970085244,
    "max_speed": 5.978858971468196,
    "sample_count": 6,
    "slope_stats": {
      "mean": 1.2226064524828664,
      "std": 0.138704527134834,
      "min": 1.1169521028000158,
      "max": 1.4012775396723594
    },
    "cross_slope_stats": {
      "mean": 1.630114177227745,
      "std": 0.5612418707123118,
      "min": 0.5421802646407216,
      "max": 2.1262940641262147
    },
    "speed_slope_correlation": 0.42637272097336937
  }
}