{
  "LCunknown_S4_CS2": {
    "mean_speed": 1.8822926024863986,
    "std_speed": 1.9680848239551376,
    "min_speed": 0.047038873577671135,
    "max_speed": 5.044464187393753,
    "sample_count": 9,
    "slope_stats": {
      "mean": 5.593206315759417,
      "std": 0.43514977757736584,
      "min": 4.478348986049441,
      "max": 5.831799759229749
    },
    "cross_slope_stats": {
      "mean": 3.835936154328868,
      "std": 0.6090553828544703,
      "min": 3.1457836165963196,
      "max": 4.633030224041865
    },
    "speed_slope_correlation": -0.043475815112925864
  },
  "LCunknown_S1_CS2": {
    "mean_speed": 5.1706184088793306,
    "std_speed": 1.6424757572573623,
    "min_speed": 1.9277768624718117,
    "max_speed": 6.8130611103885546,
    "sample_count": 7,
    "slope_stats": {
      "mean": 1.5703159069326063,
      "std": 0.20041201650663493,
      "min": 1.2956813139747794,
      "max": 1.7950914294985294
    },
    "cross_slope_stats": {
      "mean": 3.7613702310389985,
      "std": 0.4766570319605553,
      "min": 3.098756920962488,
      "max": 4.59724534866914
    },
    "speed_slope_correlation": 0.3089070316058091
  },
  "LCunknown_S1_CS1": {
    "mean_speed": 5.644186784545892,
    "std_speed": 0.5632376324742967,
    "min_speed": 5.0267067335396955,
    "max_speed": 6.426731713226442,
    "sample_count": 5,
    "slope_stats": {
      "mean": 1.328931300193411,
      "std": 0.18544374175381248,
      "min": 1.1832521901389998,
      "max": 1.6147477302894546
    },
    "cross_slope_stats": {
      "mean": 2.4889910362293377,
      "std": 0.16191239413882444,
      "min": 2.3061486957133015,
      "max": 2.6607973070016153
    },
    "speed_slope_correlation": -0.28948962157382085
  },
  "LCunknown_S3_CS0": {
    "mean_speed": 4.557509743416524,
    "std_speed": 2.2887809749571177,
    "min_speed": 1.157107440083257,
    "max_speed": 6.319289577991534,
    "sample_count": 6,
    "slope_stats": {
      "mean": 3.3530855038267062,
      "std": 0.37665568783436887,
      "min": 2.8102671787383136,
      "max": 3.8409630591033195
    },
    "cross_slope_stats": {
      "mean": 1.2185990653700092,
      "std": 0.5027764317959021,
      "min": 0.6036817561913004,
      "max": 1.8418288405438374
    },
    "speed_slope_correlation": -0.5874234489717356
  },
  "LCunknown_S3_CS1": {
    "mean_speed": 4.3771580099036385,
    "std_speed": 1.716051100471836,
    "min_speed": 1.4550064992852156,
    "max_speed": 5.958896055678879,
    "sample_count": 5,
    "slope_stats": {
      "mean": 2.93184865905338,
      "std": 0.6329177564652952,
      "min": 2.4728372781792887,
      "max": 3.956004681136302
    },
    "cross_slope_stats": {
      "mean": 2.1690173907197403,
      "std": 0.20971600056996273,
      "min": 1.9142597779090849,
      "max": 2.4530757702949915
    },
    "speed_slope_correlation": -0.2625277175048924
  },
  "LCunknown_S2_CS0": {
    "mean_speed": 5.686225160896887,
    "std_speed": 0.5764312914751486,
    "min_speed": 4.902205003867732,
    "max_speed": 6.358027648462387,
    "sample_count": 5,
    "slope_stats": {
      "mean": 2.0656831743116526,
      "std": 0.06594010372542913,
      "min": 2.000971387468033,
      "max": 2.1490372929584516
    },
    "cross_slope_stats": {
      "mean": 1.1206291126664385,
      "std": 0.4422907409952112,
      "min": 0.6459795853656352,
      "max": 1.7205363733905408
    },
    "speed_slope_correlation": -0.19636355706620812
  },
  "LCunknown_S2_CS1": {
    "mean_speed": 5.26867555812088,
    "std_speed": 1.8853130564848897,
    "min_speed": 2.04302825682867,
    "max_speed": 6.769114024081051,
    "sample_count": 5,
    "slope_stats": {
      "mean": 2.1328738661556765,
      "std": 0.25729132335446575,
      "min": 1.8464105869149885,
      "max": 2.428622083329921
    },
    "cross_slope_stats": {
      "mean": 2.61291238926779,
      "std": 0.35001019563288144,
      "min": 2.2244500209021862,
      "max": 2.9929400244081363
    },
    "speed_slope_correlation": -0.19701260814050905
  },
  "LCunknown_S0_CS0": {
    "mean_speed": 5.4522116537383525,
    "std_speed": 0.6053810551034127,
    "min_speed": 4.480787729789569,
    "max_speed": 6.069394388263082,
    "sample_count": 9,
    "slope_stats": {
      "mean": 0.5929776755759509,
      "std": 0.31021793739506703,
      "min": 0.21021277461659427,
      "max": 1.1515503850894169
    },
    "cross_slope_stats": {
      "mean": 1.0813957012469595,
      "std": 0.5560721531100136,
      "min": 0.3368720180873595,
      "max": 1.8060857703355946
    },
    "speed_slope_correlation": -0.674085795529872
  }
}