{
  "mean": 5.092288388224188,
  "std": 1.5692027014469971,
  "min": 0.0,
  "max": 11.449026756567193
}