{
  "mean": 4.239807671639841,
  "std": 2.264465919360456,
  "min": 0.0,
  "max": 10.067397283013042
}