{
  "LCunknown_S4_CS2": {
    "mean_speed": 4.216671092126856,
    "std_speed": 1.989969032429706,
    "min_speed": 1.4194951540500924,
    "max_speed": 6.999825019994387,
    "sample_count": 6,
    "slope_stats": {
      "mean": 4.236221802963619,
      "std": 1.0871070944592518,
      "min": 3.243227743417579,
      "max": 5.934495236985473
    },
    "cross_slope_stats": {
      "mean": 4.25728809687935,
      "std": 0.797930285274051,
      "min": 3.3037853295294326,
      "max": 5.265275356149359
    },
    "speed_slope_correlation": 0.5638683539878787
  },
  "LCunknown_S2_CS2": {
    "mean_speed": 5.162849846905164,
    "std_speed": 1.3932519528613418,
    "min_speed": 2.416856808216019,
    "max_speed": 6.086516699805041,
    "sample_count": 6,
    "slope_stats": {
      "mean": 1.886033392518123,
      "std": 0.16779164664937862,
      "min": 1.6943906970025928,
      "max": 2.159326677660931
    },
    "cross_slope_stats": {
      "mean": 3.7069319580479867,
      "std": 0.641894204579355,
      "min": 2.94945110923634,
      "max": 4.355761502455943
    },
    "speed_slope_correlation": -0.8386175027930819
  },
  "LCunknown_S3_CS1": {
    "mean_speed": 5.917523014329186,
    "std_speed": 0.5180464029319397,
    "min_speed": 5.3898306420044655,
    "max_speed": 6.699528318128872,
    "sample_count": 5,
    "slope_stats": {
      "mean": 2.331208206628729,
      "std": 0.1184454341158603,
      "min": 2.171639025155298,
      "max": 2.4494224134452582
    },
    "cross_slope_stats": {
      "mean": 2.4316145158164657,
      "std": 0.18261772691074415,
      "min": 2.23306872012435,
      "max": 2.7214689885946495
    },
    "speed_slope_correlation": 0.8763886163803787
  },
  "LCunknown_S0_CS0": {
    "mean_speed": 5.359383077560176,
    "std_speed": 0.5223207962131117,
    "min_speed": 4.668836996788878,
    "max_speed": 6.32304411209684,
    "sample_count": 7,
    "slope_stats": {
      "mean": 0.6477299750787902,
      "std": 0.2810161574541974,
      "min": 0.33746607812131135,
      "max": 1.0073231463228522
    },
    "cross_slope_stats": {
      "mean": 0.8299751835336571,
      "std": 0.42617639076943686,
      "min": 0.2917577493678681,
      "max": 1.4159907924644224
    },
    "speed_slope_correlation": -0.6621157905574867
  }
}