{
  "LCunknown_S0_CS2": {
    "mean_speed": 2.9171409071079197,
    "std_speed": 3.0497756004900505,
    "min_speed": 0.06439680321944959,
    "max_speed": 6.548033067968026,
    "sample_count": 8,
    "slope_stats": {
      "mean": 0.3839171919391464,
      "std": 0.10426004030464307,
      "min": 0.3003853204098958,
      "max": 0.5951212008623646
    },
    "cross_slope_stats": {
      "mean": 4.5816027803165875,
      "std": 0.7389684247424512,
      "min": 3.9980380050049136,
      "max": 5.997909498120191
    },
    "speed_slope_correlation": 0.3018814927962995
  },
  "LCunknown_S4_CS1": {
    "mean_speed": 4.0110243496376246,
    "std_speed": 0.8415829801304927,
    "min_speed": 2.3754315778616513,
    "max_speed": 4.708623705929756,
    "sample_count": 6,
    "slope_stats": {
      "mean": 3.078839970580736,
      "std": 0.24527080960152486,
      "min": 2.8404041955452897,
      "max": 3.4704698370191767
    },
    "cross_slope_stats": {
      "mean": 2.2925674668250093,
      "std": 0.17595779404155537,
      "min": 2.112651909994155,
      "max": 2.600122021721854
    },
    "speed_slope_correlation": 0.33818063601953524
  },
  "LCunknown_S3_CS1": {
    "mean_speed": 5.750654618594207,
    "std_speed": 0.6690822840743738,
    "min_speed": 4.935937261427833,
    "max_speed": 6.697090566784195,
    "sample_count": 7,
    "slope_stats": {
      "mean": 2.2470194892391078,
      "std": 0.22761694383542963,
      "min": 2.0451981972051785,
      "max": 2.733112980073785
    },
    "cross_slope_stats": {
      "mean": 2.351889175675781,
      "std": 0.4895544560830371,
      "min": 1.6609255486469696,
      "max": 2.892139481498574
    },
    "speed_slope_correlation": -0.6437733403039239
  },
  "LCunknown_S0_CS0": {
    "mean_speed": 5.686241657978134,
    "std_speed": 0.379152557167066,
    "min_speed": 5.243731980509859,
    "max_speed": 6.385420793733185,
    "sample_count": 6,
    "slope_stats": {
      "mean": 0.33923461136835353,
      "std": 0.2404545690335269,
      "min": 0.009461732670936782,
      "max": 0.5587918283601413
    },
    "cross_slope_stats": {
      "mean": 0.1258135474204716,
      "std": 0.19086344459251617,
      "min": 0.0008112863384208309,
      "max": 0.500369802805756
    },
    "speed_slope_correlation": 0.6030672829618396
  },
  "LCunknown_S4_CS0": {
    "mean_speed": 5.6336646790878815,
    "std_speed": 0.6428282288543804,
    "min_speed": 4.804893211559192,
    "max_speed": 6.494536877390033,
    "sample_count": 5,
    "slope_stats": {
      "mean": 3.3273950357217528,
      "std": 0.24560095949966257,
      "min": 3.0318838895975406,
      "max": 3.625517045395055
    },
    "cross_slope_stats": {
      "mean": 0.5468521541827933,
      "std": 0.18917976036456577,
      "min": 0.3278819480773592,
      "max": 0.727608426356382
    },
    "speed_slope_correlation": -0.7442232128653467
  },
  "LCunknown_S3_CS0": {
    "mean_speed": 5.711810465763405,
    "std_speed": 0.7150563401761584,
    "min_speed": 4.8883960239485384,
    "max_speed": 6.605180471853613,
    "sample_count": 5,
    "slope_stats": {
      "mean": 2.1477138983970443,
      "std": 0.39021401948776674,
      "min": 1.8242463466024583,
      "max": 2.804606541923668
    },
    "cross_slope_stats": {
      "mean": 0.7723720280750037,
      "std": 0.35189382411424724,
      "min": 0.3115594988780488,
      "max": 1.1265635021358364
    },
    "speed_slope_correlation": 0.6588080261912516
  },
  "LCunknown_S1_CS1": {
    "mean_speed": 5.9800115828507545,
    "std_speed": 0.862083304856985,
    "min_speed": 5.003577424794289,
    "max_speed": 7.172418617660907,
    "sample_count": 6,
    "slope_stats": {
      "mean": 0.9956064327564983,
      "std": 0.2165758614873307,
      "min": 0.7003919687125152,
      "max": 1.2261313769704159
    },
    "cross_slope_stats": {
      "mean": 1.65105728891507,
      "std": 0.22187796959262543,
      "min": 1.3799386828904685,
      "max": 1.9635004174237343
    },
    "speed_slope_correlation": 0.009673534012405663
  },
  "LCunknown_S2_CS0": {
    "mean_speed": 6.198093452712641,
    "std_speed": 0.8691567666163116,
    "min_speed": 5.094875855164997,
    "max_speed": 7.223686447814722,
    "sample_count": 6,
    "slope_stats": {
      "mean": 1.6119336187895794,
      "std": 0.12375474844079204,
      "min": 1.4747996407564694,
      "max": 1.7741687697545145
    },
    "cross_slope_stats": {
      "mean": 0.7759398484471873,
      "std": 0.4029571138094049,
      "min": 0.24304979435375917,
      "max": 1.3272834067952384
    },
    "speed_slope_correlation": 0.04528543529698264
  },
  "LCunknown_S2_CS2": {
    "mean_speed": 5.561699523528747,
    "std_speed": 0.4011943200626062,
    "min_speed": 5.311828177019423,
    "max_speed": 6.273875391611159,
    "sample_count": 5,
    "slope_stats": {
      "mean": 1.499521527724259,
      "std": 0.10108796351190408,
      "min": 1.363113856811902,
      "max": 1.6299742717957553
    },
    "cross_slope_stats": {
      "mean": 3.84624558129419,
      "std": 0.507571237806563,
      "min": 3.192094522273452,
      "max": 4.273246941099311
    },
    "speed_slope_correlation": 0.7512982867711031
  }
}