{
  "LCunknown_S4_CS2": {
    "mean_speed": 3.2598204310685652,
    "std_speed": 2.0243239873437457,
    "min_speed": 1.391351806609069,
    "max_speed": 6.095292401769902,
    "sample_count": 6,
    "slope_stats": {
      "mean": 4.52934853302441,
      "std": 0.991653685260785,
      "min": 3.195797512107914,
      "max": 6.016504888686912
    },
    "cross_slope_stats": {
      "mean": 4.266811573754149,
      "std": 0.667566666456287,
      "min": 3.2121479007414004,
      "max": 4.8691676233976695
    },
    "speed_slope_correlation": 0.5158211293678512
  },
  "LCunknown_S2_CS2": {
    "mean_speed": 5.201555333788623,
    "std_speed": 1.898427832629902,
    "min_speed": 1.9326714562793124,
    "max_speed": 6.758035537527467,
    "sample_count": 5,
    "slope_stats": {
      "mean": 1.6754747858443835,
      "std": 0.0658803858756893,
      "min": 1.5836905956508625,
      "max": 1.7399149456197482
    },
    "cross_slope_stats": {
      "mean": 3.9474067985374837,
      "std": 0.572549664829429,
      "min": 3.0580363031793136,
      "max": 4.588817262970005
    },
    "speed_slope_correlation": -0.4895943786125487
  },
  "LCunknown_S1_CS2": {
    "mean_speed": 5.214591689796269,
    "std_speed": 1.4097063045248652,
    "min_speed": 3.3210826062542775,
    "max_speed": 6.479158119381723,
    "sample_count": 6,
    "slope_stats": {
      "mean": 1.3268885465906963,
      "std": 0.2156944207130242,
      "min": 1.017659105881181,
      "max": 1.557985741986982
    },
    "cross_slope_stats": {
      "mean": 3.6509340820840968,
      "std": 0.6322934129709215,
      "min": 2.9282137872911638,
      "max": 4.598248584546658
    },
    "speed_slope_correlation": 0.012906830245563387
  },
  "LCunknown_S3_CS0": {
    "mean_speed": 5.69842031424009,
    "std_speed": 0.9445495389648689,
    "min_speed": 4.116568541869605,
    "max_speed": 6.378415554183897,
    "sample_count": 5,
    "slope_stats": {
      "mean": 2.679915506530461,
      "std": 0.2675203844554507,
      "min": 2.3217585618062015,
      "max": 2.9333510202390225
    },
    "cross_slope_stats": {
      "mean": 1.4159101968181291,
      "std": 0.4301205839639482,
      "min": 0.8756804505522939,
      "max": 1.7892287744689785
    },
    "speed_slope_correlation": 0.9320092721355665
  },
  "LCunknown_S3_CS1": {
    "mean_speed": 5.473611386058249,
    "std_speed": 1.690267858759749,
    "min_speed": 2.030832185203712,
    "max_speed": 6.802524626321658,
    "sample_count": 7,
    "slope_stats": {
      "mean": 2.5312451255202295,
      "std": 0.2844968269844401,
      "min": 2.203438639178034,
      "max": 2.934095968753686
    },
    "cross_slope_stats": {
      "mean": 2.44410000793267,
      "std": 0.3883454365753739,
      "min": 1.8451214218942231,
      "max": 2.872092080041473
    },
    "speed_slope_correlation": -0.7823673037202884
  },
  "LCunknown_S0_CS0": {
    "mean_speed": 5.608233526519573,
    "std_speed": 0.8375238536337093,
    "min_speed": 4.097134350503181,
    "max_speed": 6.311872259049393,
    "sample_count": 6,
    "slope_stats": {
      "mean": 0.4458372529380679,
      "std": 0.2130356825561386,
      "min": 0.2010766393479906,
      "max": 0.750781271371865
    },
    "cross_slope_stats": {
      "mean": 0.9528330966955028,
      "std": 0.7096903104547433,
      "min": 0.08447527498428602,
      "max": 1.7175129055394565
    },
    "speed_slope_correlation": -0.5017113350300314
  }
}