{
  "LCunknown_S4_CS2": {
    "mean_speed": 1.8026583822197502,
    "std_speed": 2.045131441787151,
    "min_speed": 0.17085975356323624,
    "max_speed": 6.286785175393703,
    "sample_count": 10,
    "slope_stats": {
      "mean": 4.115054257978793,
      "std": 1.0273761430345951,
      "min": 3.361004609587071,
      "max": 5.950861156838067
    },
    "cross_slope_stats": {
      "mean": 4.84153601336808,
      "std": 0.7311483144346792,
      "min": 3.4675180808879684,
      "max": 5.4579781824708595
    },
    "speed_slope_correlation": 0.559018813495603
  },
  "LCunknown_S1_CS2": {
    "mean_speed": 6.289378632909186,
    "std_speed": 0.8131794942635403,
    "min_speed": 5.511020467319136,
    "max_speed": 7.336951855195364,
    "sample_count": 5,
    "slope_stats": {
      "mean": 1.6085777326912627,
      "std": 0.1647216538703481,
      "min": 1.3613239302717586,
      "max": 1.7513437885973178
    },
    "cross_slope_stats": {
      "mean": 3.814786661942989,
      "std": 0.42214442784584555,
      "min": 3.51881739377557,
      "max": 4.545625890407373
    },
    "speed_slope_correlation": 0.007349473108680134
  },
  "LCunknown_S1_CS1": {
    "mean_speed": 4.361932663142734,
    "std_speed": 1.4854989172312263,
    "min_speed": 1.8686841344530103,
    "max_speed": 5.827392898370699,
    "sample_count": 5,
    "slope_stats": {
      "mean": 1.4978860628691286,
      "std": 0.20650311202524038,
      "min": 1.2274886147756652,
      "max": 1.7533552899547222
    },
    "cross_slope_stats": {
      "mean": 2.575707881242769,
      "std": 0.3927805877752785,
      "min": 1.9985288287787744,
      "max": 2.9930960558923903
    },
    "speed_slope_correlation": 0.15425104182466434
  },
  "LCunknown_S3_CS0": {
    "mean_speed": 5.356249548391948,
    "std_speed": 1.8073217092549256,
    "min_speed": 1.8190646007391225,
    "max_speed": 6.806157126142891,
    "sample_count": 6,
    "slope_stats": {
      "mean": 2.9338227980978746,
      "std": 0.24565226959749212,
      "min": 2.5772556419962966,
      "max": 3.19965645618268
    },
    "cross_slope_stats": {
      "mean": 1.269581921977153,
      "std": 0.4458272744118853,
      "min": 0.5381083840296508,
      "max": 1.8258955640923011
    },
    "speed_slope_correlation": -0.3079039257437883
  },
  "LCunknown_S2_CS0": {
    "mean_speed": 4.946944183974271,
    "std_speed": 1.1389781270632027,
    "min_speed": 3.421003929871647,
    "max_speed": 6.692498971423862,
    "sample_count": 6,
    "slope_stats": {
      "mean": 2.0714541361623424,
      "std": 0.14832844326099243,
      "min": 1.9231115385700763,
      "max": 2.3074320630683745
    },
    "cross_slope_stats": {
      "mean": 1.642905417361747,
      "std": 0.47133038113260234,
      "min": 0.7114542458105017,
      "max": 1.9586902304704064
    },
    "speed_slope_correlation": 0.8488855439292494
  },
  "LCunknown_S2_CS1": {
    "mean_speed": 5.3525898464222115,
    "std_speed": 2.0689130101355704,
    "min_speed": 1.3347395189086706,
    "max_speed": 6.8637874830192,
    "sample_count": 6,
    "slope_stats": {
      "mean": 2.2676909172185806,
      "std": 0.18759520220300122,
      "min": 1.9126068860010565,
      "max": 2.423354990219289
    },
    "cross_slope_stats": {
      "mean": 2.615625243971025,
      "std": 0.3788631674771132,
      "min": 2.172339159446968,
      "max": 3.0964294354661197
    },
    "speed_slope_correlation": -0.19244836000583143
  },
  "LCunknown_S0_CS1": {
    "mean_speed": 6.238844439613186,
    "std_speed": 0.2675836440815075,
    "min_speed": 5.978804812758193,
    "max_speed": 6.605943669528349,
    "sample_count": 5,
    "slope_stats": {
      "mean": 0.7225285543716161,
      "std": 0.2479275992642914,
      "min": 0.5038205113064531,
      "max": 1.1279820037329302
    },
    "cross_slope_stats": {
      "mean": 2.5914129702904676,
      "std": 0.4273902266797509,
      "min": 2.2074071175933803,
      "max": 3.1310398312071044
    },
    "speed_slope_correlation": 0.17020361641316537
  },
  "LCunknown_S0_CS0": {
    "mean_speed": 5.8232007618883666,
    "std_speed": 0.7384628101703473,
    "min_speed": 4.596230083161413,
    "max_speed": 6.415284063615093,
    "sample_count": 7,
    "slope_stats": {
      "mean": 0.6053337971915146,
      "std": 0.308392584578777,
      "min": 0.24740612218548,
      "max": 0.9904537216192495
    },
    "cross_slope_stats": {
      "mean": 0.9017043414294366,
      "std": 0.49956938843943416,
      "min": 0.15137127524517624,
      "max": 1.6208333743662782
    },
    "speed_slope_correlation": -0.7623861169486129
  }
}