{
  "LCunknown_S1_CS0": {
    "mean_speed": 3.7383881981325486,
    "std_speed": 0.8623684359686243,
    "min_speed": 2.4709426396886522,
    "max_speed": 5.465976646204481,
    "sample_count": 8,
    "slope_stats": {
      "mean": 1.023271851646053,
      "std": 0.11572188292405194,
      "min": 0.8965491981981145,
      "max": 1.22092301333618
    },
    "cross_slope_stats": {
      "mean": 2.095932849657321,
      "std": 0.22273191537634,
      "min": 1.7459691729842792,
      "max": 2.458691176793599
    },
    "speed_slope_correlation": -0.22466129867483497
  },
  "LCunknown_S0_CS0": {
    "mean_speed": 3.392769995140938,
    "std_speed": 0.36855338939527654,
    "min_speed": 2.9551268273308335,
    "max_speed": 3.9454563790655217,
    "sample_count": 7,
    "slope_stats": {
      "mean": 0.2912319712467453,
      "std": 0.23058457182145403,
      "min": 0.073217471094178,
      "max": 0.6649286464006877
    },
    "cross_slope_stats": {
      "mean": 0.7990520864719032,
      "std": 0.7691170651377358,
      "min": 0.0743131427213854,
      "max": 1.996948813894685
    },
    "speed_slope_correlation": -0.07723138728388677
  },
  "LCunknown_S4_CS2": {
    "mean_speed": 4.354571560980276,
    "std_speed": 0.7093191569485271,
    "min_speed": 3.2890863933232124,
    "max_speed": 5.371942096029228,
    "sample_count": 9,
    "slope_stats": {
      "mean": 3.344647701618866,
      "std": 0.354531645696058,
      "min": 2.722103185701245,
      "max": 3.8422528616288796
    },
    "cross_slope_stats": {
      "mean": 5.5108601265592165,
      "std": 0.5699514471625466,
      "min": 4.623532966250057,
      "max": 6.5804381567111205
    },
    "speed_slope_correlation": -0.06826428529818401
  },
  "LCunknown_S0_CS1": {
    "mean_speed": 3.633250296371059,
    "std_speed": 1.4108148200609754,
    "min_speed": 1.4211387338694859,
    "max_speed": 5.587672185814084,
    "sample_count": 6,
    "slope_stats": {
      "mean": 0.6402733900301641,
      "std": 0.1648002236735174,
      "min": 0.45603249597661116,
      "max": 0.8908269437383025
    },
    "cross_slope_stats": {
      "mean": 3.3178138827856523,
      "std": 0.5822792805354399,
      "min": 2.6375581038826166,
      "max": 4.211458304963035
    },
    "speed_slope_correlation": 0.5837598110170469
  },
  "LCunknown_S2_CS1": {
    "mean_speed": 4.211975767985139,
    "std_speed": 0.846395139717373,
    "min_speed": 3.3912437611406934,
    "max_speed": 5.57668430112692,
    "sample_count": 5,
    "slope_stats": {
      "mean": 1.4525097508234706,
      "std": 0.1536217267144485,
      "min": 1.294895510478022,
      "max": 1.6380055208249105
    },
    "cross_slope_stats": {
      "mean": 3.4618697657571857,
      "std": 0.737903993032411,
      "min": 2.507149128507943,
      "max": 4.348753523022778
    },
    "speed_slope_correlation": -0.5294558214805459
  },
  "LCunknown_S3_CS1": {
    "mean_speed": 4.080155526127088,
    "std_speed": 1.384881137200578,
    "min_speed": 2.03368693214917,
    "max_speed": 6.40552541483592,
    "sample_count": 7,
    "slope_stats": {
      "mean": 2.122299422177381,
      "std": 0.3952531676852522,
      "min": 1.7263121250777942,
      "max": 2.6498976029216483
    },
    "cross_slope_stats": {
      "mean": 3.720558495834198,
      "std": 0.49798354751404367,
      "min": 2.928622828142528,
      "max": 4.458583759692698
    },
    "speed_slope_correlation": -0.1729023493318019
  },
  "LCunknown_S2_CS2": {
    "mean_speed": 4.662381556420782,
    "std_speed": 0.8861250353910047,
    "min_speed": 3.5404964933037966,
    "max_speed": 5.615776091944269,
    "sample_count": 5,
    "slope_stats": {
      "mean": 1.5114934499835733,
      "std": 0.1651531842082053,
      "min": 1.284390549731144,
      "max": 1.663978500736685
    },
    "cross_slope_stats": {
      "mean": 5.9691243528537345,
      "std": 0.9493130179317507,
      "min": 4.7419985473941075,
      "max": 7.246165307270019
    },
    "speed_slope_correlation": 0.7729932369890711
  }
}