{
  "r2_scores": {
    "basic": 0.7745522270464895
  },
  "sample_counts": {
    "LCUnknown_SAFlat_CSHigh": 1,
    "LCUnknown_SAFlat_CSnan": 84,
    "LCUrban_SAFlat_CSHigh": 1,
    "LCUrban_SAModUp_CSHigh": 2,
    "LCUrban_SASteepUp_CSHigh": 9
  },
  "warnings": [
    "Group LCUnknown_SAFlat_CSHigh has insufficient samples: 1.0",
    "Group LCUrban_SAFlat_CSHigh has insufficient samples: 1.0"
  ],
  "residual_analysis": {
    "mean": -8.057701127176394e-16,
    "std": 0.7969730432718606,
    "skewness": 0.847307498542917,
    "kurtosis": 0.08443002075285211,
    "shapiro_test": [
      0.9261381724823377,
      3.941712911777391e-05
    ],
    "residuals": [
      -0.2655470739759789,
      0.14311855956060526,
      -0.1227851347347162,
      -0.3022358812849646,
      0.17146698778063474,
      0.6440772441033431,
      0.6130611105565524,
      -0.39953161097824186,
      -0.46843799786380913,
      -0.3255405230675379,
      -0.18034113250056905,
      0.32840590261056235,
      0.8212745519908928,
      1.267961002593636,
      0.8626801602982583,
      0.9317938520102107,
      1.2710976128002143,
      1.172171765536719,
      1.0452198075706303,
      0.8100972238068769,
      0.5248626595534578,
      -0.16007368835169355,
      -0.6919211789379451,
      -0.6229000162701235,
      -0.6259732633843571,
      -0.39991943285609377,
      -0.5616327665336431,
      -0.3872842896413511,
      -0.7163270661961381,
      -0.8310469640434279,
      -0.7853460648938393,
      -0.6039237936559321,
      -0.2365398850354321,
      -0.019532715376860743,
      0.20953581510517072,
      -0.15784809351532836,
      -0.6166815145592421,
      -1.0329859970546709,
      -1.0329859970546709,
      -0.5693703382202226,
      -0.4058394725286707,
      0.12242804732146428,
      -0.018522515664587402,
      0.14238397209643772,
      -0.23586127733568052,
      -0.5682225098895026,
      -0.8342361665378144,
      -0.8645276396795207,
      -0.8838471923868187,
      -1.0018735041156424,
      -1.1216043013919528,
      -0.4928756676551087,
      0.2217030963226554,
      0.29669145520074114,
      -0.23697208301100936,
      -0.9206060730573897,
      -0.9762202479058351,
      -0.6709702212296174,
      -0.03792255727867566,
      1.0742938002193787,
      2.0011882508125183,
      2.33422661068108,
      2.232883988600154,
      1.4190345248970937,
      0.5812625983288955,
      -0.44898532111787315,
      -0.9623454302092638,
      -0.8504318956020631,
      -0.5034395116107957,
      -0.5034395116107957,
      -0.687984319317879,
      -1.0349767033091455,
      -0.8609961814368461,
      -0.6901456408653965,
      -0.6593424094039673,
      -0.7048288753819447,
      -0.21188812109362853,
      0.11062637465330116,
      0.010556155891563002,
      -0.32524037358262525,
      0.05718963909217667,
      1.0385335951742478,
      1.5518829862528962,
      1.447602191041594,
      1.0436007726940941,
      0.8136256594575579,
      0.8844893200554989,
      0.892834606045489,
      1.0175054081804742,
      0.7808780803357873,
      0.557982101795135,
      0.2842762155239944,
      0.08526992258375721,
      -0.18808709260353584,
      -0.5478254012719423,
      -0.5675721619671545,
      -0.6854308290963553
    ],
    "predicted": [
      11.116002460813226,
      11.371586153571561,
      11.92935153281658,
      12.324242524953489,
      11.620229720160763,
      10.498828379251568,
      9.697915619037884,
      9.49525066444979,
      9.412421575690663,
      9.477908400257148,
      9.662307092718278,
      8.610944025187292,
      7.352737045184865,
      6.121604301391953,
      6.121604301391953,
      6.121604301391953,
      6.121604301391953,
      6.121604301391953,
      6.121604301391953,
      6.121604301391953,
      6.121604301391953,
      6.121604301391953,
      6.121604301391953,
      6.121604301391953,
      6.121604301391953,
      6.121604301391953,
      6.121604301391953,
      6.121604301391953,
      6.121604301391953,
      6.121604301391953,
      6.121604301391953,
      6.121604301391953,
      6.121604301391953,
      6.121604301391953,
      6.121604301391953,
      6.121604301391953,
      6.121604301391953,
      6.121604301391953,
      6.121604301391953,
      6.121604301391953,
      6.121604301391953,
      6.121604301391953,
      6.121604301391953,
      6.121604301391953,
      6.121604301391953,
      6.121604301391953,
      6.121604301391953,
      6.121604301391953,
      6.121604301391953,
      6.121604301391953,
      6.121604301391953,
      6.121604301391953,
      6.121604301391953,
      6.121604301391953,
      6.121604301391953,
      6.121604301391953,
      6.121604301391953,
      6.121604301391953,
      6.121604301391953,
      6.121604301391953,
      6.121604301391953,
      6.121604301391953,
      6.121604301391953,
      6.121604301391953,
      6.121604301391953,
      6.121604301391953,
      6.121604301391953,
      6.121604301391953,
      6.121604301391953,
      6.121604301391953,
      6.121604301391953,
      6.121604301391953,
      6.121604301391953,
      6.121604301391953,
      6.121604301391953,
      6.121604301391953,
      6.121604301391953,
      6.121604301391953,
      6.121604301391953,
      6.121604301391953,
      6.121604301391953,
      6.121604301391953,
      6.121604301391953,
      6.121604301391953,
      6.121604301391953,
      6.121604301391953,
      6.121604301391953,
      6.121604301391953,
      6.121604301391953,
      6.121604301391953,
      6.121604301391953,
      6.121604301391953,
      6.121604301391953,
      6.121604301391953,
      6.121604301391953,
      6.121604301391953,
      6.121604301391953
    ],